{
    "name": "root",
    "gauges": {
        "MazeAgent.Policy.Entropy.mean": {
            "value": 1.402754306793213,
            "min": 1.2464579343795776,
            "max": 1.4028009176254272,
            "count": 11
        },
        "MazeAgent.Policy.Entropy.sum": {
            "value": 14273.025390625,
            "min": 10813.0224609375,
            "max": 14575.1015625,
            "count": 11
        },
        "MazeAgent.Goal.Reached.mean": {
            "value": 0.34615384615384615,
            "min": 0.125,
            "max": 0.42424242424242425,
            "count": 11
        },
        "MazeAgent.Goal.Reached.sum": {
            "value": 9.0,
            "min": 2.0,
            "max": 14.0,
            "count": 11
        },
        "MazeAgent.Step.mean": {
            "value": 989974.0,
            "min": 889976.0,
            "max": 989974.0,
            "count": 11
        },
        "MazeAgent.Step.sum": {
            "value": 989974.0,
            "min": 889976.0,
            "max": 989974.0,
            "count": 11
        },
        "MazeAgent.Policy.ExtrinsicValueEstimate.mean": {
            "value": 251.1735076904297,
            "min": 102.92891693115234,
            "max": 357.64544677734375,
            "count": 11
        },
        "MazeAgent.Policy.ExtrinsicValueEstimate.sum": {
            "value": 41945.9765625,
            "min": 17394.986328125,
            "max": 56453.046875,
            "count": 11
        },
        "MazeAgent.Policy.CuriosityValueEstimate.mean": {
            "value": -0.01643858104944229,
            "min": -0.05755063146352768,
            "max": 0.3343048691749573,
            "count": 11
        },
        "MazeAgent.Policy.CuriosityValueEstimate.sum": {
            "value": -2.7452430725097656,
            "min": -9.610955238342285,
            "max": 55.494606018066406,
            "count": 11
        },
        "MazeAgent.Environment.EpisodeLength.mean": {
            "value": 659.2941176470588,
            "min": 551.1052631578947,
            "max": 788.5,
            "count": 11
        },
        "MazeAgent.Environment.EpisodeLength.sum": {
            "value": 11208.0,
            "min": 7846.0,
            "max": 11208.0,
            "count": 11
        },
        "MazeAgent.Environment.CumulativeReward.mean": {
            "value": 1769.1131038546562,
            "min": 19.231927018080437,
            "max": 2421.114282116294,
            "count": 11
        },
        "MazeAgent.Environment.CumulativeReward.sum": {
            "value": 26536.696557819843,
            "min": 269.24697825312614,
            "max": 38737.8285138607,
            "count": 11
        },
        "MazeAgent.Policy.ExtrinsicReward.mean": {
            "value": 1769.1131038546562,
            "min": 19.231927018080437,
            "max": 2421.114282116294,
            "count": 11
        },
        "MazeAgent.Policy.ExtrinsicReward.sum": {
            "value": 26536.696557819843,
            "min": 269.24697825312614,
            "max": 38737.8285138607,
            "count": 11
        },
        "MazeAgent.Policy.CuriosityReward.mean": {
            "value": 0.003879017054800708,
            "min": 0.003296631965456598,
            "max": 0.01804252499627414,
            "count": 11
        },
        "MazeAgent.Policy.CuriosityReward.sum": {
            "value": 0.05818525582201062,
            "min": 0.04847338439572013,
            "max": 0.23455282495156382,
            "count": 11
        },
        "MazeAgent.Losses.PolicyLoss.mean": {
            "value": 0.06515819192087899,
            "min": 0.061075888927249855,
            "max": 0.07638119922679229,
            "count": 11
        },
        "MazeAgent.Losses.PolicyLoss.sum": {
            "value": 0.3257909596043949,
            "min": 0.20307646728321618,
            "max": 0.3540453671012074,
            "count": 11
        },
        "MazeAgent.Losses.ValueLoss.mean": {
            "value": 4334.460457356771,
            "min": 2708.5857795715333,
            "max": 12074.43075182547,
            "count": 11
        },
        "MazeAgent.Losses.ValueLoss.sum": {
            "value": 21672.302286783855,
            "min": 13542.928897857666,
            "max": 38238.636978149414,
            "count": 11
        },
        "MazeAgent.Policy.LearningRate.mean": {
            "value": 4.25199858270001e-06,
            "min": 4.25199858270001e-06,
            "max": 3.423328858893334e-05,
            "count": 11
        },
        "MazeAgent.Policy.LearningRate.sum": {
            "value": 2.125999291350005e-05,
            "min": 2.125999291350005e-05,
            "max": 0.0001581475472843,
            "count": 11
        },
        "MazeAgent.Policy.Epsilon.mean": {
            "value": 0.1014173,
            "min": 0.1014173,
            "max": 0.11141106666666667,
            "count": 11
        },
        "MazeAgent.Policy.Epsilon.sum": {
            "value": 0.5070865,
            "min": 0.3342332,
            "max": 0.5527157,
            "count": 11
        },
        "MazeAgent.Policy.Beta.mean": {
            "value": 0.00015158827000000038,
            "min": 0.00015158827000000038,
            "max": 0.00114996556,
            "count": 11
        },
        "MazeAgent.Policy.Beta.sum": {
            "value": 0.0007579413500000019,
            "min": 0.0007579413500000019,
            "max": 0.005316298430000001,
            "count": 11
        },
        "MazeAgent.Losses.CuriosityForwardLoss.mean": {
            "value": 0.0003691384517727177,
            "min": 0.00022001667483285324,
            "max": 0.0009444155243121108,
            "count": 11
        },
        "MazeAgent.Losses.CuriosityForwardLoss.sum": {
            "value": 0.0018456922588635885,
            "min": 0.0011000833741642662,
            "max": 0.004722077621560554,
            "count": 11
        },
        "MazeAgent.Losses.CuriosityInverseLoss.mean": {
            "value": 1.4139679908752443,
            "min": 1.2474315517088945,
            "max": 1.4139679908752443,
            "count": 11
        },
        "MazeAgent.Losses.CuriosityInverseLoss.sum": {
            "value": 7.069839954376222,
            "min": 3.742294655126684,
            "max": 7.069839954376222,
            "count": 11
        },
        "MazeAgent.IsTraining.mean": {
            "value": 1.0,
            "min": 1.0,
            "max": 1.0,
            "count": 11
        },
        "MazeAgent.IsTraining.sum": {
            "value": 1.0,
            "min": 1.0,
            "max": 1.0,
            "count": 11
        }
    },
    "metadata": {
        "timer_format_version": "0.1.0",
        "start_time_seconds": "1724048206",
        "python_version": "3.10.12 (main, Jul 29 2024, 16:56:48) [GCC 11.4.0]",
        "command_line_arguments": "/mnt/e/Github/ml-agents/venv/bin/mlagents-learn MazeAgentTest.yaml --run-id=MazeRuntest1 --resume --base-port=5004",
        "mlagents_version": "1.0.0",
        "mlagents_envs_version": "1.0.0",
        "communication_protocol_version": "1.5.0",
        "pytorch_version": "2.4.0+cu121",
        "numpy_version": "1.21.2",
        "end_time_seconds": "1724049099"
    },
    "total": 892.7239817969967,
    "count": 1,
    "self": 0.014320999005576596,
    "children": {
        "run_training.setup": {
            "total": 0.1658693059871439,
            "count": 1,
            "self": 0.1658693059871439
        },
        "TrainerController.start_learning": {
            "total": 892.543791492004,
            "count": 1,
            "self": 0.5565082919492852,
            "children": {
                "TrainerController._reset_env": {
                    "total": 14.066307084998698,
                    "count": 1,
                    "self": 14.066307084998698
                },
                "TrainerController.advance": {
                    "total": 877.3728043220617,
                    "count": 22684,